audio_file|text
/home/ultron/protocol_pulse/video_pipeline_v3/voices/segments_v2/raw_0052.wav|This clip is the clearest version of the argument I've seen.
/home/ultron/protocol_pulse/video_pipeline_v3/voices/segments_v2/raw_0150.wav|What they are selling and what they are doing is mass market manipulation.
/home/ultron/protocol_pulse/video_pipeline_v3/voices/segments_v2/raw_0057.wav|Your job isn't to wait for perfect conditions.
/home/ultron/protocol_pulse/video_pipeline_v3/voices/segments_v2/raw_0042.wav|And that math gets worse every year in the money.
/home/ultron/protocol_pulse/video_pipeline_v3/voices/segments_v2/raw_0044.wav|But don't let another four-year cycle go by.
/home/ultron/protocol_pulse/video_pipeline_v3/voices/segments_v2/raw_0127.wav|and where you landed on Bitcoin.
/home/ultron/protocol_pulse/video_pipeline_v3/voices/segments_v2/raw_0012.wav|goal of nearly every CBDC project.
/home/ultron/protocol_pulse/video_pipeline_v3/voices/segments_v2/raw_0075.wav|It was designed to benefit people who already had access to it.
/home/ultron/protocol_pulse/video_pipeline_v3/voices/segments_v2/raw_0025.wav|because they understood something most people still don't.
/home/ultron/protocol_pulse/video_pipeline_v3/voices/segments_v2/raw_0004.wav|When the establishment changes its position this fast,
/home/ultron/protocol_pulse/video_pipeline_v3/voices/segments_v2/raw_0072.wav|And I think what clicks for most people isn't the price.
/home/ultron/protocol_pulse/video_pipeline_v3/voices/segments_v2/raw_0108.wav|When did you first realize that when you were taught about the Fed in school?
/home/ultron/protocol_pulse/video_pipeline_v3/voices/segments_v2/raw_0128.wav|You spend a whole chapter on what inflation does to people in Argentina.
/home/ultron/protocol_pulse/video_pipeline_v3/voices/segments_v2/raw_0074.wav|the whole financial infrastructure they grew up believing in.
/home/ultron/protocol_pulse/video_pipeline_v3/voices/segments_v2/raw_0006.wav|I want to talk about something that nobody in mainstream media
/home/ultron/protocol_pulse/video_pipeline_v3/voices/segments_v2/raw_0103.wav|Unfortunately, it's more like peer-to-institution.
/home/ultron/protocol_pulse/video_pipeline_v3/voices/segments_v2/raw_0120.wav|What signs would you watch for?
/home/ultron/protocol_pulse/video_pipeline_v3/voices/segments_v2/raw_0078.wav|Natalie Brunel has been covering this story closer than anyone.
/home/ultron/protocol_pulse/video_pipeline_v3/voices/segments_v2/raw_0079.wav|This is why we build the show around creators like this.
/home/ultron/protocol_pulse/video_pipeline_v3/voices/segments_v2/raw_0038.wav|Nobody can revise those numbers after the fact.
/home/ultron/protocol_pulse/video_pipeline_v3/voices/segments_v2/raw_0137.wav|Or are we going to go ahead and just make that jump?
/home/ultron/protocol_pulse/video_pipeline_v3/voices/segments_v2/raw_0106.wav|The entire reason is to be your own bank.
/home/ultron/protocol_pulse/video_pipeline_v3/voices/segments_v2/raw_0070.wav|The conversion happens fast once it clicks.
/home/ultron/protocol_pulse/video_pipeline_v3/voices/segments_v2/raw_0155.wav|It removes the incentive for violence.
/home/ultron/protocol_pulse/video_pipeline_v3/voices/segments_v2/raw_0095.wav|And the mainstream press is still not covering it.
/home/ultron/protocol_pulse/video_pipeline_v3/voices/segments_v2/raw_0138.wav|Over into a parallel economy that.
/home/ultron/protocol_pulse/video_pipeline_v3/voices/segments_v2/raw_0073.wav|It's the realization that the system they trusted
/home/ultron/protocol_pulse/video_pipeline_v3/voices/segments_v2/raw_0066.wav|Your 401k provider probably has Bitcoin ETFs.
/home/ultron/protocol_pulse/video_pipeline_v3/voices/segments_v2/raw_0080.wav|Bitcoin is the first monetary system in history that's open to literally anyone with a smartphone and an internet connection.
/home/ultron/protocol_pulse/video_pipeline_v3/voices/segments_v2/raw_0069.wav|The conversation happens fast once it clicks.
/home/ultron/protocol_pulse/video_pipeline_v3/voices/segments_v2/raw_0013.wav|He's been sounding the alarm longer than anything.
/home/ultron/protocol_pulse/video_pipeline_v3/voices/segments_v2/raw_0003.wav|Preston Pitch has been right about this longer than most.
/home/ultron/protocol_pulse/video_pipeline_v3/voices/segments_v2/raw_0023.wav|Because it's the only monetary system in history that has no government controls.
/home/ultron/protocol_pulse/video_pipeline_v3/voices/segments_v2/raw_0139.wav|Do we really still care about number grow up?
/home/ultron/protocol_pulse/video_pipeline_v3/voices/segments_v2/raw_0029.wav|hiking rates to fight inflation they caused with their own money printer.
/home/ultron/protocol_pulse/video_pipeline_v3/voices/segments_v2/raw_0102.wav|Or is it more like peer-to-institution?
/home/ultron/protocol_pulse/video_pipeline_v3/voices/segments_v2/raw_0084.wav|This is the case that doesn't get enough attention.
/home/ultron/protocol_pulse/video_pipeline_v3/voices/segments_v2/raw_0109.wav|M2 Money Supply and the S&P 500.
/home/ultron/protocol_pulse/video_pipeline_v3/voices/segments_v2/raw_0129.wav|Someone in the comfortable position of the Western world.
/home/ultron/protocol_pulse/video_pipeline_v3/voices/segments_v2/raw_0154.wav|The internet's not going down.
/home/ultron/protocol_pulse/video_pipeline_v3/voices/segments_v2/raw_0092.wav|Most people heard that and missed the most important sentence.
/home/ultron/protocol_pulse/video_pipeline_v3/voices/segments_v2/raw_0098.wav|The irony of that statement coming from a central banker is
/home/ultron/protocol_pulse/video_pipeline_v3/voices/segments_v2/raw_0083.wav|That's the most important financial innovation in a century.
/home/ultron/protocol_pulse/video_pipeline_v3/voices/segments_v2/raw_0085.wav|And this one connects directly to what we just heard.
/home/ultron/protocol_pulse/video_pipeline_v3/voices/segments_v2/raw_0160.wav|That's a big deal. That's a real big deal.
/home/ultron/protocol_pulse/video_pipeline_v3/voices/segments_v2/raw_0105.wav|From 200,000 and late.
/home/ultron/protocol_pulse/video_pipeline_v3/voices/segments_v2/raw_0035.wav|The British pound has lost over 99 percent of its value since the Federal Reserve was created.
/home/ultron/protocol_pulse/video_pipeline_v3/voices/segments_v2/raw_0093.wav|Most people heard that and missed the most important sentence.
/home/ultron/protocol_pulse/video_pipeline_v3/voices/segments_v2/raw_0050.wav|Robert Breedlove has been making the philosophical...
/home/ultron/protocol_pulse/video_pipeline_v3/voices/segments_v2/raw_0096.wav|And the mainstream press is still not covering it.
/home/ultron/protocol_pulse/video_pipeline_v3/voices/segments_v2/raw_0135.wav|Bitcoin back in the hands of Bitcoiners.
/home/ultron/protocol_pulse/video_pipeline_v3/voices/segments_v2/raw_0082.wav|A 16-year-old in Nigeria has the same access to the Bitcoin network.
/home/ultron/protocol_pulse/video_pipeline_v3/voices/segments_v2/raw_0157.wav|It completely redefines our relationship.
/home/ultron/protocol_pulse/video_pipeline_v3/voices/segments_v2/raw_0034.wav|Every major fiat currency in modern history has trended towards zero.
/home/ultron/protocol_pulse/video_pipeline_v3/voices/segments_v2/raw_0121.wav|No one who held Bitcoin for four years, period.
/home/ultron/protocol_pulse/video_pipeline_v3/voices/segments_v2/raw_0005.wav|I want to talk about something nobody in the mainstream finance wants you to touch.
/home/ultron/protocol_pulse/video_pipeline_v3/voices/segments_v2/raw_0125.wav|There's a lot of scripture woven through this book.
/home/ultron/protocol_pulse/video_pipeline_v3/voices/segments_v2/raw_0054.wav|This clip is the clearest version of the argument I've seen.
/home/ultron/protocol_pulse/video_pipeline_v3/voices/segments_v2/raw_0039.wav|Bitcoin's entire value proposition is simple.
/home/ultron/protocol_pulse/video_pipeline_v3/voices/segments_v2/raw_0064.wav|The orange coin doesn't care about your feelings about BlackRock.
/home/ultron/protocol_pulse/video_pipeline_v3/voices/segments_v2/raw_0152.wav|We don't care about the short term price appreciation or depreciation of Bitcoin.
/home/ultron/protocol_pulse/video_pipeline_v3/voices/segments_v2/raw_0043.wav|but don't let another four-year cycle go by without at least understanding.
/home/ultron/protocol_pulse/video_pipeline_v3/voices/segments_v2/raw_0159.wav|That does not have any intrinsic bias.
/home/ultron/protocol_pulse/video_pipeline_v3/voices/segments_v2/raw_0131.wav|Make that cause for someone moving.
/home/ultron/protocol_pulse/video_pipeline_v3/voices/segments_v2/raw_0056.wav|Your job isn't to wait for perfect conditions.
/home/ultron/protocol_pulse/video_pipeline_v3/voices/segments_v2/raw_0031.wav|when she describes the late-stage Fiat psychodynamics.
/home/ultron/protocol_pulse/video_pipeline_v3/voices/segments_v2/raw_0065.wav|We talk about Bitcoin adoption like it's this.
/home/ultron/protocol_pulse/video_pipeline_v3/voices/segments_v2/raw_0049.wav|That doesn't give them the ability to freeze your wallet or censor your transactions.
/home/ultron/protocol_pulse/video_pipeline_v3/voices/segments_v2/raw_0158.wav|There is no trust. Your trust is delegated to a decentralized protocol.
/home/ultron/protocol_pulse/video_pipeline_v3/voices/segments_v2/raw_0016.wav|Most people won't notice until it's already in place.
/home/ultron/protocol_pulse/video_pipeline_v3/voices/segments_v2/raw_0124.wav|You call fiat money a system of deceit.
/home/ultron/protocol_pulse/video_pipeline_v3/voices/segments_v2/raw_0086.wav|This next clip comes from a different part of the ecosystem.
/home/ultron/protocol_pulse/video_pipeline_v3/voices/segments_v2/raw_0045.wav|without at least understanding what you're opting out of.
/home/ultron/protocol_pulse/video_pipeline_v3/voices/segments_v2/raw_0107.wav|How bad is it compared to what gets officially recorded?
/home/ultron/protocol_pulse/video_pipeline_v3/voices/segments_v2/raw_0153.wav|We are zooming out. We have a low time preference, a long term.
/home/ultron/protocol_pulse/video_pipeline_v3/voices/segments_v2/raw_0142.wav|in America in order for us to finally understand that.
/home/ultron/protocol_pulse/video_pipeline_v3/voices/segments_v2/raw_0060.wav|And this is one of his better takes on the sovereignty question.
/home/ultron/protocol_pulse/video_pipeline_v3/voices/segments_v2/raw_0059.wav|that these very institutions are about to introduce to the market.
/home/ultron/protocol_pulse/video_pipeline_v3/voices/segments_v2/raw_0081.wav|A 16-year-old in Nigeria has the same access to Bitcoin Network as a hedge fund.
/home/ultron/protocol_pulse/video_pipeline_v3/voices/segments_v2/raw_0097.wav|That's going to look very different in 18 months.
/home/ultron/protocol_pulse/video_pipeline_v3/voices/segments_v2/raw_0051.wav|Robert Breedlove has been making the philosophical case for Bitcoin sovereignty for years.
/home/ultron/protocol_pulse/video_pipeline_v3/voices/segments_v2/raw_0119.wav|What does the capital transfer actually look like?
/home/ultron/protocol_pulse/video_pipeline_v3/voices/segments_v2/raw_0143.wav|Or can we see the writing on the wall and actually just save ourselves this?
/home/ultron/protocol_pulse/video_pipeline_v3/voices/segments_v2/raw_0134.wav|Let's get right into the juicy.
/home/ultron/protocol_pulse/video_pipeline_v3/voices/segments_v2/raw_0156.wav|You're not going to shake somebody up to try to extract their Bitcoin that they may or may not have.
/home/ultron/protocol_pulse/video_pipeline_v3/voices/segments_v2/raw_0063.wav|And the people who've been wrong about Bitcoin for 15 years are still getting airtime.
/home/ultron/protocol_pulse/video_pipeline_v3/voices/segments_v2/raw_0001.wav|That's the thing about velocity. When institutions move, they don't ease in.
/home/ultron/protocol_pulse/video_pipeline_v3/voices/segments_v2/raw_0040.wav|Scarcity is the most powerful concept in finance.
/home/ultron/protocol_pulse/video_pipeline_v3/voices/segments_v2/raw_0132.wav|Make that cost for someone making $30,000 a year.
/home/ultron/protocol_pulse/video_pipeline_v3/voices/segments_v2/raw_0076.wav|The Bitcoin layer has been doing deep dives on Lightning that are genuinely technically rigorous.
/home/ultron/protocol_pulse/video_pipeline_v3/voices/segments_v2/raw_0149.wav|You poke just a tiny bit through that shallow surface and quickly it's revealed that.
/home/ultron/protocol_pulse/video_pipeline_v3/voices/segments_v2/raw_0017.wav|China's digital yuan already has expiration dates on some allocations.
/home/ultron/protocol_pulse/video_pipeline_v3/voices/segments_v2/raw_0133.wav|All right, all right, all right. We are back for another show today. This is PBX reporting live from Protocol Pulse.
/home/ultron/protocol_pulse/video_pipeline_v3/voices/segments_v2/raw_0068.wav|They come back six months later, and they're running nodes.
/home/ultron/protocol_pulse/video_pipeline_v3/voices/segments_v2/raw_0144.wav|and learn from other countries.
/home/ultron/protocol_pulse/video_pipeline_v3/voices/segments_v2/raw_0032.wav|She's pattern matching against 200 years of monetary history.
/home/ultron/protocol_pulse/video_pipeline_v3/voices/segments_v2/raw_0087.wav|Let's zoom out for a second before we get into this next one.
/home/ultron/protocol_pulse/video_pipeline_v3/voices/segments_v2/raw_0020.wav|And it's closer than most people realize.
/home/ultron/protocol_pulse/video_pipeline_v3/voices/segments_v2/raw_0048.wav|That does not give them a vote on the protocol.
/home/ultron/protocol_pulse/video_pipeline_v3/voices/segments_v2/raw_0101.wav|It appears that we've lost sight of the original ethos.
/home/ultron/protocol_pulse/video_pipeline_v3/voices/segments_v2/raw_0123.wav|Inconvenience or existential threat?
/home/ultron/protocol_pulse/video_pipeline_v3/voices/segments_v2/raw_0151.wav|trying to undermine the proposition of the technology of Bitcoin.
/home/ultron/protocol_pulse/video_pipeline_v3/voices/segments_v2/raw_0046.wav|There's a narrative going around right now that Bitcoin is becoming institutionalized.
/home/ultron/protocol_pulse/video_pipeline_v3/voices/segments_v2/raw_0018.wav|The European Central Bank has published papers discussing programmable restrictions on cash alternatives.
/home/ultron/protocol_pulse/video_pipeline_v3/voices/segments_v2/raw_0146.wav|Be your own bank.
/home/ultron/protocol_pulse/video_pipeline_v3/voices/segments_v2/raw_0088.wav|This is the kind of analysis you won't find on mainstream financial media.
/home/ultron/protocol_pulse/video_pipeline_v3/voices/segments_v2/raw_0019.wav|has described CBDC as offering unprecedented control over monetary transactions.
/home/ultron/protocol_pulse/video_pipeline_v3/voices/segments_v2/raw_0147.wav|Stop playing within this clown world.
/home/ultron/protocol_pulse/video_pipeline_v3/voices/segments_v2/raw_0007.wav|I want to talk about something that nobody in mainstream finance wants you to understand.
/home/ultron/protocol_pulse/video_pipeline_v3/voices/segments_v2/raw_0027.wav|Let's talk about what's actually happening in the macro environment.
/home/ultron/protocol_pulse/video_pipeline_v3/voices/segments_v2/raw_0037.wav|And this one connects directly to what we've just heard.
/home/ultron/protocol_pulse/video_pipeline_v3/voices/segments_v2/raw_0140.wav|Or have we grown past that phase?
/home/ultron/protocol_pulse/video_pipeline_v3/voices/segments_v2/raw_0077.wav|The infrastructure build-out happening at the second layer right now.
/home/ultron/protocol_pulse/video_pipeline_v3/voices/segments_v2/raw_0014.wav|longer than almost anyone in this space.
/home/ultron/protocol_pulse/video_pipeline_v3/voices/segments_v2/raw_0061.wav|He's been consistent on this since day one.
/home/ultron/protocol_pulse/video_pipeline_v3/voices/segments_v2/raw_0047.wav|BlackRock can buy a billion dollars of Bitcoin.
/home/ultron/protocol_pulse/video_pipeline_v3/voices/segments_v2/raw_0100.wav|This is PBX reporting from Protocol Pulse.
/home/ultron/protocol_pulse/video_pipeline_v3/voices/segments_v2/raw_0104.wav|Node counts are dropping. We're down.
/home/ultron/protocol_pulse/video_pipeline_v3/voices/segments_v2/raw_0026.wav|Self-custody isn't a preference.
/home/ultron/protocol_pulse/video_pipeline_v3/voices/segments_v2/raw_0008.wav|is not a digital version of cash.
/home/ultron/protocol_pulse/video_pipeline_v3/voices/segments_v2/raw_0111.wav|You say the system is a house built on cards.
/home/ultron/protocol_pulse/video_pipeline_v3/voices/segments_v2/raw_0148.wav|The grass is a whole lot more orange.
/home/ultron/protocol_pulse/video_pipeline_v3/voices/segments_v2/raw_0053.wav|Robert Breedlove has been making the philosophical case for Bitcoin sovereignty for years.
/home/ultron/protocol_pulse/video_pipeline_v3/voices/segments_v2/raw_0110.wav|legal but dirty thing the system does that people never notice.
/home/ultron/protocol_pulse/video_pipeline_v3/voices/segments_v2/raw_0030.wav|Lynn Alden has been one of the most consistent macro voices in Bitcoin for years.
/home/ultron/protocol_pulse/video_pipeline_v3/voices/segments_v2/raw_0126.wav|What's the relationship between your faith
/home/ultron/protocol_pulse/video_pipeline_v3/voices/segments_v2/raw_0115.wav|business, real estate, bonds.
/home/ultron/protocol_pulse/video_pipeline_v3/voices/segments_v2/raw_0021.wav|Matt O'Dell has been building the privacy case for years.
/home/ultron/protocol_pulse/video_pipeline_v3/voices/segments_v2/raw_0071.wav|The conversion happens fast once it clicks.
/home/ultron/protocol_pulse/video_pipeline_v3/voices/segments_v2/raw_0041.wav|If your savings account is paying you 4 percent and inflation is running at three and a half,
/home/ultron/protocol_pulse/video_pipeline_v3/voices/segments_v2/raw_0067.wav|Your bank is probably building custody infrastructure.
/home/ultron/protocol_pulse/video_pipeline_v3/voices/segments_v2/raw_0055.wav|what institutions buying Bitcoin does.
/home/ultron/protocol_pulse/video_pipeline_v3/voices/segments_v2/raw_0090.wav|depending on how much you understand about monetary history.
/home/ultron/protocol_pulse/video_pipeline_v3/voices/segments_v2/raw_0091.wav|This is the part of the conversation mainstream finance doesn't want you to have.
/home/ultron/protocol_pulse/video_pipeline_v3/voices/segments_v2/raw_0089.wav|What you're about to hear is either very bullish,
/home/ultron/protocol_pulse/video_pipeline_v3/voices/segments_v2/raw_0114.wav|You dismantle every traditional asset.
/home/ultron/protocol_pulse/video_pipeline_v3/voices/segments_v2/raw_0009.wav|A government that can program your money can decide where you spend it.
/home/ultron/protocol_pulse/video_pipeline_v3/voices/segments_v2/raw_0112.wav|Your career is built on that foundation.
/home/ultron/protocol_pulse/video_pipeline_v3/voices/segments_v2/raw_0000.wav|The same banks that lobbied against crypto regulation
/home/ultron/protocol_pulse/video_pipeline_v3/voices/segments_v2/raw_0141.wav|Do we actually need to experience Venezuelan-like?
/home/ultron/protocol_pulse/video_pipeline_v3/voices/segments_v2/raw_0010.wav|This isn't a conspiracy theory.
/home/ultron/protocol_pulse/video_pipeline_v3/voices/segments_elabs/elabs_0418.wav|Pivoting from collapse predictions to core economics, this links Bitcoin's surge to fundamental labor shifts we're seeing.
/home/ultron/protocol_pulse/video_pipeline_v3/voices/segments_elabs/elabs_0436.wav|That's the tell if we're not nailing the pitch, we're leaving money on the table for the next cycle.
/home/ultron/protocol_pulse/video_pipeline_v3/voices/segments_elabs/elabs_0497.wav|Yeah, that's institutions betting on resilience, implying E-T-F inflows could drive the next rally by signaling long-term hodler confidence.
/home/ultron/protocol_pulse/video_pipeline_v3/voices/segments_elabs/elabs_0451.wav|But here's where it gets interesting, a key metrics still signaling trouble for Bitcoin's ride.
/home/ultron/protocol_pulse/video_pipeline_v3/voices/segments_elabs/elabs_0431.wav|But here's where it gets interesting. Iran's war is pulling focus from Bitcoin's stealth rally to half a million.
/home/ultron/protocol_pulse/video_pipeline_v3/voices/segments_elabs/elabs_0441.wav|Exactly. On-chain signals flashed with 2.5 million active addresses yesterday, a 15 percent spike signaling retail fear.
/home/ultron/protocol_pulse/video_pipeline_v3/voices/segments_elabs/elabs_0429.wav|So, Dave Colum's dropping bombshells on threats to freedom that every Bitcoiner needs to hear.
/home/ultron/protocol_pulse/video_pipeline_v3/voices/segments_elabs/elabs_0432.wav|Yeah, while oil chokes, Bitcoin's just flexing its anti-fragility muscle.
/home/ultron/protocol_pulse/video_pipeline_v3/voices/segments_elabs/elabs_0374.wav|That's not a tweet, that's a timestamp. He's posting receipts in real time while everyone else is doom-scrolling the fear index.
/home/ultron/protocol_pulse/video_pipeline_v3/voices/segments_elabs/elabs_0226.wav|Okay, so Goldman Sachs, BlackRock, $1.8 trillion in shadow banking, and a crack that's spreading fast. Before we get into Bitcoin, you need to understand what's already breaking.
/home/ultron/protocol_pulse/video_pipeline_v3/voices/segments_elabs/elabs_0015.wav|Record high hash rate. Miners aren't leaving, they're doubling down.
/home/ultron/protocol_pulse/video_pipeline_v3/voices/segments_elabs/elabs_0430.wav|Wild. That's the kind of talk that makes you stockpile sats for the crackdown.
/home/ultron/protocol_pulse/video_pipeline_v3/voices/segments_elabs/elabs_0484.wav|100 percent macro correlations are wild. Hash rate and E-T-F money often predict pumps, but with minor profitability at risk, expect a shakeout if prices dip below $60,000. Yeah, this hodler trend could buffer the next downturn.
/home/ultron/protocol_pulse/video_pipeline_v3/voices/segments_elabs/elabs_0321.wav|Right. And the hash rate is pushing above 800 exahashes per second right now. That's near all-time high territory, which means miners are not scared. Capital is still flowing into infrastructure.
/home/ultron/protocol_pulse/video_pipeline_v3/voices/segments_elabs/elabs_0411.wav|But here's where it gets interesting. Global war is exploding, and it's about to wreck economies with Bitcoin in the line of fire.
/home/ultron/protocol_pulse/video_pipeline_v3/voices/segments_elabs/elabs_0227.wav|Yeah, the financial press is out here debating oil prices while $1.8 trillion in private credit quietly vaporizes. Blankfein doesn't say 2008 unless he means it. That man has seen the movie.
/home/ultron/protocol_pulse/video_pipeline_v3/voices/segments_elabs/elabs_0424.wav|Anthony Pompliano tweeted, U.S. struck 2,000 targets in Iran in 100 hours. That's one every three minutes.
/home/ultron/protocol_pulse/video_pipeline_v3/voices/segments_elabs/elabs_0243.wav|Yeah, and every one of those four times, the people who sold regretted it. That's not hopium. That's the ledger talking.
/home/ultron/protocol_pulse/video_pipeline_v3/voices/segments_elabs/elabs_0185.wav|So, if Bitcoin disappointed you this cycle, if $126K felt like it should have been $200K, Saylor just explained exactly why the math stopped where it did.
/home/ultron/protocol_pulse/video_pipeline_v3/voices/segments_elabs/elabs_0195.wav|Okay, what the Bitcoin internet is saying today? Saylor posted, I'm buying Bitcoin right now, are you? 32,000 likes. That man does not post for engagement. He posts to move markets.
/home/ultron/protocol_pulse/video_pipeline_v3/voices/segments_elabs/elabs_0357.wav|BlackRock is marking loans to Xero that were worth full price just months ago. And Lloyd Blankfein is saying this is 2008 all over again.
/home/ultron/protocol_pulse/video_pipeline_v3/voices/segments_elabs/elabs_0453.wav|Right, and Bitcoin's price today is $69,873 with a 2 percent daily uptick showing short-term strength.
/home/ultron/protocol_pulse/video_pipeline_v3/voices/segments_elabs/elabs_0417.wav|That's the tell this could trigger a full-on meltdown where Bitcoin shoots parabolic amid the ruins. Wild times ahead.
/home/ultron/protocol_pulse/video_pipeline_v3/voices/segments_elabs/elabs_0541.wav|Okay, so, one more clip before data. This one is the supply story that every miner, every hodler, every macro tourist needs to hear. Sailor's strategy is not slowing down. Not even close.
/home/ultron/protocol_pulse/video_pipeline_v3/voices/segments_elabs/elabs_0285.wav|Watch the incentives, not the message. That applies to money, media, medicine, all of it.
/home/ultron/protocol_pulse/video_pipeline_v3/voices/segments_elabs/elabs_0309.wav|BlackRock is marking loans to Xero that were worth full value just months ago. And the man who ran Goldman Sachs through 2008 is saying this could be worse.
/home/ultron/protocol_pulse/video_pipeline_v3/voices/segments_elabs/elabs_0469.wav|Okay, so, Unchained is slicing through the bank versus Bitcoin debate with a killer line. With global bank assets topping $200 trillion at risk, this clip exposes why true control is non-negotiable.
/home/ultron/protocol_pulse/video_pipeline_v3/voices/segments_elabs/elabs_0031.wav|Saylor could post a photo of a sandwich and get 30,000 likes, but at $67,092. That particular sandwich is a flex.
/home/ultron/protocol_pulse/video_pipeline_v3/voices/segments_elabs/elabs_0380.wav|Simon Dixon just said 95 percent of people will owe nothing and be happy, and he's a Bitcoiner. That quote alone should tell you everything about where this space is headed.
/home/ultron/protocol_pulse/video_pipeline_v3/voices/segments_elabs/elabs_0444.wav|Peter McCormick, Austrian economists got it right. Keynesians are way off on this mess.
/home/ultron/protocol_pulse/video_pipeline_v3/voices/segments_elabs/elabs_0499.wav|Wild, that's Bitcoin acting as the hedge everyone needs, implying hash rate increases could follow as participants lock in positions.
/home/ultron/protocol_pulse/video_pipeline_v3/voices/segments_elabs/elabs_0143.wav|Right, and on-chain, the MVRV Z-score is still in the green band. Not overheated, not distressed. We're in the zone historically associated with mid-cycle accumulation, not a blow-off top.
/home/ultron/protocol_pulse/video_pipeline_v3/voices/segments_elabs/elabs_0235.wav|And that conversation about sovereignty, about who controls what, it doesn't start with Bitcoin. It starts with math. Specifically, math so violent the universe itself enforces it. That's where this last clip goes.
/home/ultron/protocol_pulse/video_pipeline_v3/voices/segments_elabs/elabs_0278.wav|Engage with the tension. Bitcoin's promise is financial freedom for everyone, but is the community actually reaching those who need it most?
/home/ultron/protocol_pulse/video_pipeline_v3/voices/segments_elabs/elabs_0439.wav|Bitcoin's price sits at $69,851 today, up 5 percent from last week amid geopolitical jitters.
/home/ultron/protocol_pulse/video_pipeline_v3/voices/segments_elabs/elabs_0427.wav|Today's buzz from upgrades to global wars paints Bitcoin as the ultimate shield in uncertainty. Stay sovereign.
/home/ultron/protocol_pulse/video_pipeline_v3/voices/segments_elabs/elabs_0563.wav|Twelve thought leaders are talking price this morning. Bitcoin is sitting at $71,110. Wall Street is quietly running out of coins to buy.
/home/ultron/protocol_pulse/video_pipeline_v3/voices/segments_elabs/elabs_0529.wav|Wild Peter McCormack's take on Austrian economics is spot on for Bitcoin's security boost.
/home/ultron/protocol_pulse/video_pipeline_v3/voices/segments_elabs/elabs_0511.wav|Yeah, that Austrian economist call-out is pure fire. It's validating the protocol's edge over Keynesian's in one tweet. Wild, because decoupling means Bitcoin's marching to its own beat, no strings attached.
/home/ultron/protocol_pulse/video_pipeline_v3/voices/segments_elabs/elabs_0373.wav|Here's what the Bitcoin internet is saying today. Saylor posted, and then I quote, I'm buying Bitcoin right now, are you? 32,000 likes and counting.
/home/ultron/protocol_pulse/video_pipeline_v3/voices/segments_elabs/elabs_0552.wav|Bitcoin Magazine just dropped this bombshell.
/home/ultron/protocol_pulse/video_pipeline_v3/voices/segments_elabs/elabs_0457.wav|That's the tell exposing manipulation could finally clean up this mess.
/home/ultron/protocol_pulse/video_pipeline_v3/voices/segments_elabs/elabs_0007.wav|Record high hash rate. Miners aren't leaving. They're doubling down.
/home/ultron/protocol_pulse/video_pipeline_v3/voices/segments_elabs/elabs_0396.wav|Here's what the Bitcoin internet is saying today. Saylor posted four words. I'm buying Bitcoin right now, are you? 32,000 likes. The man does not elaborate. He does not need to.
/home/ultron/protocol_pulse/video_pipeline_v3/voices/segments_elabs/elabs_0466.wav|Exactly, that Austrian win just validates Bitcoin's anti-establishment vibe.
/home/ultron/protocol_pulse/video_pipeline_v3/voices/segments_elabs/elabs_0238.wav|Okay, let's get into the numbers. Bitcoin is sitting at $69,141 today, still inside the range it's been grinding through, but holding above the psychological 69k line that everyone's been watching.
/home/ultron/protocol_pulse/video_pipeline_v3/voices/segments_elabs/elabs_0375.wav|Pomp dropped the operational detail that the U.S. has struck over 2,000 targets inside Iran in the first 100 hours, one every three minutes. Geopolitical tail risk is not a backdrop anymore. It's the foreground.
/home/ultron/protocol_pulse/video_pipeline_v3/voices/segments_elabs/elabs_0606.wav|While macro fear is eating the rest of the market alive, one man is accelerating his Bitcoin purchases. The numbers are becoming genuinely historic.
/home/ultron/protocol_pulse/video_pipeline_v3/voices/segments_elabs/elabs_0014.wav|Dude, when the entities that print fiat start hoarding the exit asset, that tells you everything.
/home/ultron/protocol_pulse/video_pipeline_v3/voices/segments_elabs/elabs_0198.wav|Yeah. When the bombs per minute stat is going viral on the same day Bitcoin beats gold. That's not a coincidence. That's the thesis proving itself.
/home/ultron/protocol_pulse/video_pipeline_v3/voices/segments_elabs/elabs_0368.wav|Bitcoin is sitting at $71,106 right now, down from the January 14th peak of roughly $109,000, which means we've shed nearly $38,000 from the top in about three months.
/home/ultron/protocol_pulse/video_pipeline_v3/voices/segments_elabs/elabs_0190.wav|Right, and hashrate is still printing near all-time highs, like we're talking north of 800 exahashes per second. Miners are not capitulating. You don't commit that much compute to a network you think is dying.
/home/ultron/protocol_pulse/video_pipeline_v3/voices/segments_elabs/elabs_0168.wav|So price at $69K, hash rate near all-time high, long-term holders at 70 percent of supply, and difficulty climbing. That's not a broken market. That's a market in accumulation with paper hands washing out.
/home/ultron/protocol_pulse/video_pipeline_v3/voices/segments_elabs/elabs_0371.wav|Outflows mean people are taking self-custody, not selling. When the fear and greed index hits 5 and coins are leaving exchanges, that's accumulation wearing a panic mask. The smart money doesn't announce itself.
/home/ultron/protocol_pulse/video_pipeline_v3/voices/segments_elabs/elabs_0300.wav|On-chain, long-term holders are absorbing supply right now. LTH net position change is positive for the third consecutive week. That's the cohort that has never sold at a loss historically. They're loading, not leaving.
/home/ultron/protocol_pulse/video_pipeline_v3/voices/segments_elabs/elabs_0502.wav|Yeah, with difficulty adjustment up 5 percent last week, that's miners adapting fast, implying stronger network security for hodlers.
/home/ultron/protocol_pulse/video_pipeline_v3/voices/segments_elabs/elabs_0551.wav|Three sovereign wealth funds just disclosed Bitcoin positions, 12 billion dollars. This is Pulse Check.
/home/ultron/protocol_pulse/video_pipeline_v3/voices/segments_elabs/elabs_0194.wav|Exactly. The on-chain story and the macro story are telling the same thing right now. Accumulation, not distribution. The chaos is surface level.
/home/ultron/protocol_pulse/video_pipeline_v3/voices/segments_elabs/elabs_0333.wav|React with a new elite class of Bitcoiners versus 95 percent of people owning nothing and being happy. This is either the most bullish or most terrifying Bitcoin take I've ever heard.
/home/ultron/protocol_pulse/video_pipeline_v3/voices/segments_elabs/elabs_0352.wav|I mean, that tweet costs him nothing to send and probably moves more retail conviction than a 40-minute podcast. Whether you love him or hate him, Saylor using Fear Index 5 as a buy signal is exactly on brand.
/home/ultron/protocol_pulse/video_pipeline_v3/voices/segments_elabs/elabs_0438.wav|100 percent ignoring this could cost you big. Get in the safe harbor or watch taxes eat your stack alive.
/home/ultron/protocol_pulse/video_pipeline_v3/voices/segments_elabs/elabs_0276.wav|React to the instrumental convergence framing. Does the logic hold? Would an AI actually choose Bitcoin over other assets?
/home/ultron/protocol_pulse/video_pipeline_v3/voices/segments_elabs/elabs_0465.wav|Peter McCormick, Dave Smith is the best.
/home/ultron/protocol_pulse/video_pipeline_v3/voices/segments_elabs/elabs_0003.wav|Record high hash rate. Miners aren't leaving, they're doubling down.
/home/ultron/protocol_pulse/video_pipeline_v3/voices/segments_elabs/elabs_0013.wav|Record high hash rate. Miners aren't leaving. They're doubling down.
/home/ultron/protocol_pulse/video_pipeline_v3/voices/segments_elabs/elabs_0555.wav|Record high hash rate. Miners aren't leaving. They're doubling down.
/home/ultron/protocol_pulse/video_pipeline_v3/voices/segments_elabs/elabs_0433.wav|Right, and AI is now weaponizing markets in ways that could torch valuations overnight.
/home/ultron/protocol_pulse/video_pipeline_v3/voices/segments_elabs/elabs_0016.wav|Dude, when the entities that print fiat start hoarding the exit asset, that tells you everything.
/home/ultron/protocol_pulse/video_pipeline_v3/voices/segments_elabs/elabs_0326.wav|I mean, the man owns 214,000 B-T-C and he's still posting that like he just discovered it yesterday. Respect the consistency.
/home/ultron/protocol_pulse/video_pipeline_v3/voices/segments_elabs/elabs_0504.wav|That's the tell as this decoupling hits home, implying permissionless Bitcoin is the real winner in the noise.
/home/ultron/protocol_pulse/video_pipeline_v3/voices/segments_elabs/elabs_0284.wav|The third-party doctrine is the loophole that makes all of it legal, and almost nobody is talking about it.
/home/ultron/protocol_pulse/video_pipeline_v3/voices/segments_elabs/elabs_0169.wav|Here's what the Bitcoin internet is saying today. Saylor posted five words. I'm buying Bitcoin right now, are you? 32,000 likes and counting.
/home/ultron/protocol_pulse/video_pipeline_v3/voices/segments_elabs/elabs_0192.wav|And on-chain, long-term holder supply is back above 14.5 million Bitcoin, meaning the cohort that has held through every drawdown this cycle is not moving coins. They are waiting, not leaving.
/home/ultron/protocol_pulse/video_pipeline_v3/voices/segments_elabs/elabs_0286.wav|Jeff Booth just told the entire Bitcoin community that 95 percent of them are going to lose. And he said it with a smile.
/home/ultron/protocol_pulse/video_pipeline_v3/voices/segments_elabs/elabs_0282.wav|That what-if-not question is something every investor should tattoo on their brain before signing anything.
/home/ultron/protocol_pulse/video_pipeline_v3/voices/segments_elabs/elabs_0018.wav|Dude, when the entities that print fiat start hoarding the exit asset, that tells you everything.
/home/ultron/protocol_pulse/video_pipeline_v3/voices/segments_elabs/elabs_0142.wav|Yeah, and the hash rate is not flinching. We're hovering around 650 exahashes per second, which means miners are not capitulating at this price. That's a conviction signal from the people with the most skin in the game.
/home/ultron/protocol_pulse/video_pipeline_v3/voices/segments_elabs/elabs_0554.wav|And look at what Simply Bitcoin is reporting on hash rates.
/home/ultron/protocol_pulse/video_pipeline_v3/voices/segments_elabs/elabs_0459.wav|100 percent property drives value creation and Bitcoin nails it better than traditional finance.
/home/ultron/protocol_pulse/video_pipeline_v3/voices/segments_elabs/elabs_0526.wav|Wild, hodler behavior is shifting, with 60 percent of coins unmoved for over a year decoupling from macro chaos like Trump's warnings.
/home/ultron/protocol_pulse/video_pipeline_v3/voices/segments_elabs/elabs_0051.wav|That's the whole tweet. No chart, no thread, no explanation. The man treats every dip like a personal offense and his credit card like a conviction.
/home/ultron/protocol_pulse/video_pipeline_v3/voices/segments_elabs/elabs_0161.wav|So, speaking of things that didn't die quietly, Bitcoin just came off a move from the $85K to $95K range down well below $70K. And the Bitcoin layer flagged it. With a timestamp. Before it happened.
/home/ultron/protocol_pulse/video_pipeline_v3/voices/segments_elabs/elabs_0297.wav|Okay, numbers desk. Bitcoin is sitting at $69,607 today, right at a level traders have been watching as resistance flipping support.
/home/ultron/protocol_pulse/video_pipeline_v3/voices/segments_elabs/elabs_0500.wav|I mean, that's the irony hitting hard, as this could spark E-T-F flows reversing trends by exposing permissionless protocol strengths.
/home/ultron/protocol_pulse/video_pipeline_v3/voices/segments_elabs/elabs_0318.wav|Here's the thing. Bitcoin is supposed to be the great equalizer, the hardest money anyone can access. But Breedlove just put a number on who's actually showing up. And it's not the people who need it most.
/home/ultron/protocol_pulse/video_pipeline_v3/voices/segments_elabs/elabs_0372.wav|Fear and greed at 5, hash rate above 800 exahashes, coins leaving exchanges, and Saylor publicly saying he's buying at 71k. The data is not telling the same story as the sentiment.
/home/ultron/protocol_pulse/video_pipeline_v3/voices/segments_elabs/elabs_0481.wav|Today's B-T-C price holds at $70,052, reflecting a 1.5 percent dip amid volatility. With hash rates surging to 550 EHSS, miners are betting big on network stability.
/home/ultron/protocol_pulse/video_pipeline_v3/voices/segments_elabs/elabs_0462.wav|I mean, using complexity for games like that? It's pure Bitcoin strategy in action.
/home/ultron/protocol_pulse/video_pipeline_v3/voices/segments_elabs/elabs_0001.wav|Record high hash rate. Miners aren't leaving, they're doubling down.
/home/ultron/protocol_pulse/video_pipeline_v3/voices/segments_elabs/elabs_0304.wav|I mean, the man runs a public company that holds over 200,000 Bitcoin and he's still posting are you? Like he's daring retail to flinch. Psychological warfare dressed as a tweet.
/home/ultron/protocol_pulse/video_pipeline_v3/voices/segments_elabs/elabs_0217.wav|And on-chain exchange outflows have been net negative for 11 consecutive days, meaning more Bitcoin is leaving exchanges than arriving. Historically, that's accumulation behavior, not distribution.
/home/ultron/protocol_pulse/video_pipeline_v3/voices/segments_elabs/elabs_0202.wav|The retirement number every American needs just tripled, and nobody in Washington is talking about it.
/home/ultron/protocol_pulse/video_pipeline_v3/voices/segments_elabs/elabs_0468.wav|Blockstream just claimed to have nuked the Bitcoin quantum threat. Game over for hackers.
/home/ultron/protocol_pulse/video_pipeline_v3/voices/segments_elabs/elabs_0033.wav|Concise, accurate, and a pretty clean advertisement for self-custody and jurisdictional optionality in one breath.
/home/ultron/protocol_pulse/video_pipeline_v3/voices/segments_elabs/elabs_0222.wav|Yeah, one target every 3 minutes for 4 days straight. And Bitcoin is still at 68k. That is a completely different asset than the one that crashed on every macro shock 5 years ago.
/home/ultron/protocol_pulse/video_pipeline_v3/voices/segments_elabs/elabs_0043.wav|Yeah, that last line lands different when you think about where government money actually goes. He said it in six words what most people spend a podcast doing.
/home/ultron/protocol_pulse/video_pipeline_v3/voices/segments_elabs/elabs_0486.wav|and another, those who have been more right than others, one, Austrian economists.
/home/ultron/protocol_pulse/video_pipeline_v3/voices/segments_elabs/elabs_0012.wav|Dude, when the entities that print fiat start hoarding the exit asset, that tells you everything.
/home/ultron/protocol_pulse/video_pipeline_v3/voices/segments_elabs/elabs_0488.wav|Pulling it together, today's buzz from AI risks to halving defenses shows Bitcoin's unyielding edge. Stay sovereign.
/home/ultron/protocol_pulse/video_pipeline_v3/voices/segments_elabs/elabs_0446.wav|Yeah, Pompliano's spot on. Those Iran strikes are straight Bitcoin rocket fuel.
/home/ultron/protocol_pulse/video_pipeline_v3/voices/segments_elabs/elabs_0298.wav|Yeah, and hashrate just printed a new all-time high, over 870 exahashes per second. Miners are not capitulating. That's the strongest proof-of-work signal the network has ever recorded.
/home/ultron/protocol_pulse/video_pipeline_v3/voices/segments_elabs/elabs_0212.wav|Here's the thing. All of that destruction has a backdrop right now. War markets, macro chaos, Bitcoin down 50 percent from its high. And Nick Patia just walked out and called the bottom, in public, with receipts.
/home/ultron/protocol_pulse/video_pipeline_v3/voices/segments_elabs/elabs_0223.wav|And at Peter McCormick, we only hear special relationship when they want us to help them blow people up. Three and a half thousand likes. No notes.
/home/ultron/protocol_pulse/video_pipeline_v3/voices/segments_elabs/elabs_0322.wav|On-chain exchange reserves are sitting at multi-year lows. Less Bitcoin on exchanges means less sell pressure on deck. That's not a vibe. That's a structural shift in where coins are being held.
/home/ultron/protocol_pulse/video_pipeline_v3/voices/segments_elabs/elabs_0052.wav|wild. He's out here manufacturing phones now and still has time to tweet about UK tax law. The man runs at a different clock speed.
/home/ultron/protocol_pulse/video_pipeline_v3/voices/segments_elabs/elabs_0328.wav|100 percent. Every time the world reminds you it's unstable, it's also reminding you why you hold Bitcoin.
/home/ultron/protocol_pulse/video_pipeline_v3/voices/segments_elabs/elabs_0219.wav|Alright, here's what the Bitcoin internet is saying today. Sailor posted, I'm buying Bitcoin right now, are you? 32,000 likes and counting.
